expend,wealth,pop,pgs,density,income
316,41692,3157,6.3,49,13146
345,58689,28203,7.1,578,21032
298,55629,4572,24,94,15783
480,58867,64628,9,1306,16887
301,52979,27649,10.5,483,20227
187,34141,2699,8.6,65,13635
216,55794,5966,15,108,19526
545,65647,2032,7.7,33,12814
309,35390,3404,7.6,59,13788
59,35613,1234,34.7,41,14207
394,43155,390,40.4,11,8882
398,19651,831,22.2,23,8159
165,25630,1198,35.8,27,12092
200,19722,1249,20.2,37,10524
162,22791,860,46.9,22,10747
256,32952,488,23.4,14,9110
241,17133,1548,17.3,43,8631
697,48050,227,44.5,6,9975
190,21620,596,17.6,17,9177
205,28629,636,30.9,25,10629
188,14378,2577,9.5,73,5958
296,26598,674,24.6,19,7425
206,18665,1062,30.6,29,8890
176,36408,1715,17.5,51,11123
307,14350,2189,39.8,60,8150
201,18003,1649,22.1,45,11074
376,30848,516,41.3,16,9372
717,39688,475,37.8,14,10851
214,18836,1523,18.4,41,10030
329,32881,1004,21.3,29,9445
267,22387,724,24.7,20,7871
460,41044,1186,13.8,34,9507
203,17852,1964,23.4,56,10098
440,32815,328,25,11,11127
133,32658,2872,13.6,83,11271
505,47513,261,38.1,7,9139
195,31781,1423,23.7,39,11560
221,16701,1144,23.3,32,7819
208,25143,2808,16.7,68,11381
240,37459,5006,8.7,197,16976
184,35759,12325,9.7,363,14247
177,23089,5715,12.9,73,9769
201,27226,6277,17.2,256,12269
152,29660,3717,4.4,885,13447
147,28329,7203,10.9,219,12853
234,36083,6148,4,198,12954
203,26880,2214,16.5,48,9630
166,31446,5639,13.5,123,13167
265,20457,1930,13.8,79,10293
376,152529,620,11.2,7,10167
141,20023,2037,19.8,55,10118
242,46730,29319,21.2,1058,16855
275,36572,26632,7.2,510,16091
199,29910,5516,12.8,61,11131
123,18325,6308,12.2,89,10108
269,21663,2210,13.2,43,11829
194,25431,1095,14,27,10084
263,33976,737,16.1,14,8863
213,19222,1727,14.4,48,7482
137,23054,1313,13.7,38,10332
340,25331,1015,15.5,25,10064
637,112196,1120,10.9,25,13672
483,27864,847,17,18,9540
170,31998,1232,9,24,10184
255,19210,2054,18.6,51,9131
198,25999,2105,16.9,42,10752
198,22840,2078,30.3,54,10414
261,31867,590,23.7,16,8144
194,20392,861,16.4,27,8683
239,17415,1283,21.3,35,6896
105,28754,706,16.9,24,9804
469,34471,482,26.8,15,11923
249,23709,2394,12.3,59,9266
551,50359,712,15.8,18,10823
247,21410,1145,23.8,31,8397
229,24579,862,10.1,24,10776
196,25196,1973,20.9,67,13034
416,26150,767,13.3,24,11016
205,24522,1366,24.4,50,11654
96,22960,3358,20.9,96,10868
155,30007,715,16.4,22,10886
228,32652,451,20.2,25,9442
316,61313,295,16.8,8,8352
140,21469,2728,16.4,76,10281
109,44354,2365,10.9,80,12690
84,21571,3168,11.1,150,11182
201,27634,2162,13.6,66,9877
179,17977,1905,7.4,54,9403
94,27146,2694,10.3,124,15481
188,32208,1857,23.8,47,11551
185,24287,1412,14.5,42,10777
239,50416,1071,19.2,30,11580
142,16566,1950,17.6,80,10603
127,22497,1105,17.6,69,10556
136,25395,1311,16.2,71,10191
107,14888,2563,18.8,94,7626
316,70474,1210,19.1,31,12454
187,36648,3466,11.5,166,20105
233,29872,1526,11,42,12932
275,28361,816,17.5,28,11041
281,42765,2983,8.9,104,14585
115,44591,1065,33.2,54,13064
177,26063,2403,24.5,55,11188
205,24650,1050,18.8,41,9398
185,25727,1791,13.5,96,13358
217,24941,1324,19.2,32,10477
206,20974,1538,20.7,45,9285
264,25881,1052,15.1,29,11261
171,31681,4426,17.7,97,12492
187,19153,3531,11.7,105,11309
249,23033,840,13.1,24,8694
236,112637,2881,13.8,44,13420
274,32752,520,12.4,15,10284
224,20621,1472,15.8,41,9135
176,36939,1462,8.8,236,12464
174,40676,4147,15.5,88,14136
207,36200,5525,6.8,192,18256
257,19006,1600,15.2,44,9325
155,15723,2172,13.3,60,9681
177,30345,3661,5,78,12679
153,23216,1729,12.4,40,10050
235,31045,1298,9.5,70,15220
363,40306,1106,13.5,31,10352
331,42922,2309,16.4,55,12862
176,23444,2597,13.6,71,10994
66,25063,3772,16.2,97,11510
150,19241,3531,9.2,108,8930
211,25617,2924,12.3,60,9690
222,29211,2567,12.7,69,12976
270,25120,830,11.3,23,8979
171,19332,1794,10.8,39,9530
248,22531,1066,15.5,30,9784
173,35087,1760,9.8,41,11794
138,18065,1355,13.4,100,11101
249,18799,816,23.4,32,10395
175,33353,7585,13.6,170,16312
182,17254,2607,14.5,69,10968
167,19812,2561,12.4,52,10239
206,31868,7401,10.3,332,18188
184,16454,1995,22.1,45,10171
111,31554,8796,19.5,285,13821
171,19747,11568,10.7,249,11811
220,26759,954,19.7,23,9823
119,24997,3109,20.3,82,12208
152,25118,2212,16.1,50,10167
129,40892,1928,15.6,58,12450
267,23881,882,17.8,24,9914
227,23745,1566,17.7,32,9727
305,38055,323,28.2,11,7501
135,25334,4293,13.8,58,12462
206,24198,2962,12.4,48,10535
385,27460,489,22.1,19,13528
383,34842,812,21.6,21,8700
144,28814,1865,11.5,41,11255
147,23666,2060,14.4,73,11491
112,29641,4092,19.3,97,14539
104,27151,2365,17.6,41,11097
226,24548,761,25.7,20,5676
195,22822,754,21.6,26,8068
213,24165,1742,18.9,41,10749
175,22314,1132,20.1,32,9385
167,27793,1565,11.8,38,11658
250,26493,1166,20.5,23,10003
237,21019,1081,18,26,9306
155,15112,2915,20.5,29,6779
221,24973,1066,16.9,28,10787
197,23468,5275,15.4,87,11507
330,39364,1566,18.3,12,10285
139,40026,2133,14.3,44,12718
222,22493,3915,25.2,72,12403
371,24387,659,30.3,10,8662
101,31392,1283,57.3,22,7517
349,25465,1866,12.7,17,10410
166,18108,2558,30.3,29,11619
186,27482,6434,14.4,81,13218
196,27728,17400,6.7,378,10040
234,23526,3774,29,33,11568
151,21376,4908,23.7,131,11882
256,98341,1546,18.4,36,13824
332,134070,1484,15.3,30,18489
221,104544,1797,23,49,17079
227,79050,4437,14.6,83,18185
144,40996,4845,16.2,104,12652
141,59585,1478,19.7,82,12509
240,93169,3171,10.4,77,13002
239,63028,1731,15.7,44,13083
275,60092,2028,16.3,166,14032
164,49257,2943,13.3,67,14278
237,49461,4115,4.5,219,15283
355,123608,1822,14.1,38,16468
108,48907,5463,26,192,15491
134,51799,3681,18,96,11824
187,63866,2401,15.2,67,14110
154,28129,3133,10.6,270,11124
152,47447,2170,18.2,86,13118
362,110860,1113,10,28,15501
175,19631,1116,16.3,44,9558
235,37883,6954,6.6,142,13435
292,29276,851,15,20,9708
231,17148,711,15.5,28,8526
164,23529,892,17.9,37,9455
120,32570,3046,16,62,12622
210,33540,617,28.4,25,10944
155,25197,943,18.4,39,10622
187,29716,1565,20.9,58,12047
179,21776,1162,20.4,52,11665
234,22213,1037,19.7,35,9137
265,22519,554,34.4,18,9872
349,39056,1079,14.6,24,10876
233,34599,2196,14.2,46,12390
214,22542,921,68.6,36,9001
446,163655,1011,18.9,9,11376
557,101365,548,15.1,12,12777
563,177870,1944,13,14,10671
144,38047,2531,24.7,48,11521
146,63862,1957,14.9,32,12246
136,81624,1827,10.4,42,10571
227,48417,2076,19.5,26,12159
424,70187,1118,15.3,19,11713
304,63615,2071,13.2,13,10833
406,64180,1441,11,34,11728
341,56410,1442,16.7,23,11027
232,42047,1391,21.3,26,10277
251,39202,1541,19,26,9727
394,115265,2408,12,25,11258
456,78779,2407,10.8,28,11442
1667,54947,1937,1.8,40,12335
214,111904,476,15.8,10,11694
351,82564,999,16.3,10,9522
128,57662,2650,16.7,28,12018
189,52860,4974,7.6,115,11175
160,50328,11109,13.3,370,14278
267,91916,3833,17.8,100,19838
175,48674,7881,12.3,141,13737
304,66285,22903,8.3,403,18391
182,46765,16047,7.3,603,14914
162,46469,21322,12.3,576,15370
228,69311,13454,11.4,339,20017
332,96465,1940,12.1,54,16640
233,100478,2068,13.6,48,13532
284,146621,4008,12.9,95,19251
290,74912,2305,9,75,13851
190,64879,8297,10.4,252,17274
338,55681,40262,7.1,1398,18079
124,56296,6894,13.7,204,14357
225,87972,4896,13,141,17118
246,102451,3530,11.7,71,19220
413,103928,3761,13.3,100,17729
162,55463,21350,9.2,815,19035
320,150468,3160,10.7,55,28905
150,23021,7977,11.8,251,11442
356,39000,106816,20.2,2054,19457
231,43780,6729,14,199,18445
213,32209,7397,15,207,16523
305,31515,1624,17,70,11967
336,29323,76354,8.8,3235,13339
220,47986,20420,12.5,382,18206
250,35078,2853,13.1,80,13695
148,16583,6217,15,129,8946
144,33740,4115,14.9,62,12174
276,27977,7434,11.2,187,13472
173,37696,10311,12.1,299,18439
409,23840,15163,6.3,375,12096
223,35137,17719,6.9,620,17581
325,31723,40592,8.3,1077,14364
227,26074,3597,11.3,101,12102
270,33652,20872,8.6,593,13208
130,27588,5328,19.4,193,13542
159,37664,4589,17,93,12706
189,30634,2141,6.9,51,12056
280,41125,21485,8,578,18274
195,32327,2642,24.4,53,11694
415,32832,63782,13.5,3666,14739
144,31136,2932,24.4,82,14118
356,27045,47154,5.6,2203,13990
305,39865,2241,59.7,28,10728
377,31741,1988,31.7,26,9044
390,47508,1323,7.4,16,10576
686,62551,648,13.4,21,11173
359,35577,2249,26.4,33,11168
947,186722,906,8.5,6,12760
417,38262,1084,13,13,11269
1059,196761,753,22.9,5,11010
248,18192,3607,9.1,55,9719
2627,329034,517,4.6,2,13993
398,78108,5641,7.4,37,10523
1518,168935,283,21.3,2,8993
215,48245,1369,21,24,11984
862,175919,1744,8.4,13,10826
453,84967,2355,11.3,29,11977
421,73905,923,17.7,16,13580
356,62200,1731,23.3,41,11423
655,67668,1014,24.6,16,10444
171,54200,2166,14,19,10442
215,17855,2104,49.6,49,8077
443,52350,1286,49.2,8,9709
159,21968,1140,27.2,32,10365
559,37388,373,21.2,9,7664
267,59241,1488,10.9,19,5902
288,21121,1024,27.7,23,9914
480,33857,778,33.6,16,11098
256,19255,1200,32.1,37,7301
418,23513,744,57.6,17,9204
1361,171005,146,34.3,2,9956
176,19671,1650,53.6,45,10130
597,82532,1034,20.6,6,12088
172,17828,6724,39.2,68,6176
123,14461,2185,29.9,49,8790
964,457518,311,10.1,2,12119
573,32157,1060,33.4,8,7748
153,18733,1646,27.2,47,8686
481,77451,525,15.3,9,14675
115,41799,3068,22,100,11552
540,69323,1369,6.5,27,10453
256,38820,1554,21,40,9056
168,32081,6358,13.2,90,12164
126,34448,5006,46,87,11610
232,89518,1525,9.6,76,11731
219,28387,1856,20.4,33,8720
141,24957,3400,15.4,130,11218
509,66248,578,20.7,8,8505
188,19514,2012,31.8,47,10568
226,27569,1769,29.5,50,11710
131,25800,6153,7.5,127,11776
223,29199,1711,15.1,63,14654
197,23342,1794,25.9,50,11847
207,23106,2366,18.3,73,12864
193,31484,2985,24.9,63,15385
178,23054,1697,28.9,49,12830
131,34451,3219,20.1,81,14561
166,28355,1508,18.9,66,12102
200,24043,2317,26.4,65,12362
162,26076,3481,20,86,11630
181,26661,2610,25.1,84,14034
281,100886,815,12.2,31,12300
162,76133,1879,12.6,82,12995
209,55367,5556,20,93,10884
169,55235,7383,13.9,127,12751
73,41695,5166,16.7,149,7219
309,78711,2332,11,47,12328
262,56589,3192,10.2,82,13913
353,157499,197,29.1,9,10735
717,220053,1255,44.9,14,13659
463,185951,975,12.8,19,13873
411,161786,838,11.7,10,14052
162,44607,3435,15,83,13785
363,55707,796,25.6,41,10709
728,222717,1686,6.4,37,12657
3286,447569,297,24,1,12452
1425,131874,170,1.7,2,8917
566,61521,367,20.7,9,10865
1112,137229,1495,15.7,6,11532
2053,323026,348,15.9,6,12969
891,239463,494,9.7,3,9894
1198,300676,929,9.2,2,13473
3043,594758,107,6.4,1,11262
1131,107246,722,8.7,4,10928
154,20321,1597,37.7,46,9853
254,21639,1076,32.5,37,9887
262,32114,820,59,20,11022
200,30561,4823,8.8,133,12048
99,39502,2450,6.3,81,10605
79,44298,2418,14,83,11276
185,29852,1459,34.5,49,9835
201,25398,1675,34.4,76,10986
148,54966,1084,19.9,40,10382
272,21750,663,28.9,19,9750
825,88349,898,56.1,3,8848
235,44075,1558,22.3,28,12527
328,23156,1932,62.5,18,8283
310,39376,746,36.5,23,9673
250,36037,1079,21,28,7328
1920,326853,1624,7,4,15090
136,30005,1315,28.6,58,11073
163,27611,3331,15.7,81,11881
299,80163,2842,44.4,39,12548
269,20091,1118,35.2,11,9069
180,33256,2999,27,52,11844
379,47744,2294,27.4,41,7438
151,21579,2443,47.8,57,11302
382,54496,2520,43.5,31,11225
294,32510,2720,65.8,33,9578
842,84314,1256,18.8,30,13411
264,39410,1806,27.6,38,12069
56,8565,19897,12.8,273,6158
422,24833,775,64.7,20,9236
399,89358,1115,26.8,20,12934
284,53092,2296,42.6,32,10732
213,32158,2890,34.4,84,11888
213,27139,677,29.4,18,8482
353,22358,1052,31.7,25,10435
179,23477,1749,34.5,40,10205
300,34157,1465,24.5,23,10544
167,41411,4590,29.4,127,11909
199,18584,2129,27,28,12840
603,44127,232,61.8,5,10879
279,34879,2464,22.4,14,9092
173,25962,1557,15.4,32,11345
251,46624,1094,21.4,8,9419
198,43821,1365,28.1,15,9825
457,30363,426,29.9,11,8305
293,33773,886,28.7,14,8193
139,27837,1104,21.7,34,8572
144,40221,1218,17.6,34,11921
276,25508,1310,28.6,19,7809
343,24359,1331,60.2,18,11198
219,20112,2568,17.6,46,10779
739,74633,223,26.5,3,9286
380,34267,327,8.9,8,7548
189,27007,586,12.4,19,10621
301,39398,1681,20.1,15,9752
204,39378,741,28.4,7,11209
105,34600,3310,17.9,87,13415
124,39116,2246,36.2,53,13712
265,31543,2241,28.7,68,13894
127,64270,2004,25.5,48,20722
182,18216,3400,20.8,87,6694
210,27066,1896,44.1,57,12254
137,39086,2060,23.9,68,13517
158,38753,5543,36.2,149,13576
139,26633,1549,22.2,32,9246
128,65431,734,63.2,98,12197
249,21856,1596,64,44,10875
435,29558,823,29,21,10853
330,18578,917,31.9,35,9669
295,22411,1602,35.7,58,13163
275,24799,2460,21.3,46,11508
223,18633,1382,28.3,41,11249
188,31405,3573,20.8,73,12543
263,22632,2263,26.2,29,9458
131,64786,3552,23.4,74,21972
209,42340,907,25.6,30,10808
94,31231,2661,22.1,61,10548
218,22344,1717,13.6,55,12551
239,24018,963,24.9,24,7311
76,30842,2457,31.3,62,11784
241,28508,1295,26.5,30,10782
114,37209,3497,15.6,109,14160
195,32170,1658,20.8,66,13212
187,29559,2566,16.8,64,11942
228,43547,1971,17.8,46,12442
204,20567,1063,25.5,44,9523
188,24187,1546,20.7,50,9717
122,32897,10049,14.1,142,12847
282,51104,34191,12,2206,24179
164,31170,25478,30.5,642,16251
242,30385,4617,20,139,15057
239,41324,28348,12.3,1865,15702
243,33732,91854,12.3,1938,16123
149,25014,9509,24.6,219,13110
165,41270,36424,15.3,1029,14583
241,39516,51323,23.2,3354,17595
230,67127,4801,27.6,129,22997
226,32213,13713,18,390,15972
140,37279,8702,22.2,216,16289
213,46488,30823,25.5,822,19823
133,50216,38015,22.5,1170,21048
227,59841,23400,18.3,1040,27917
171,36811,3478,30.6,103,16339
333,44846,3260,21,107,20095
130,41223,5502,23,175,15308
251,43560,26725,16.2,840,19086
276,34053,3196,20.2,108,16575
134,40138,4015,13.2,147,13228
126,27114,1457,29.5,35,12352
332,29973,1126,30.6,26,10496
283,38236,2649,21.4,53,11272
223,40621,1219,24.3,32,10371
120,23690,2032,27.6,41,9051
128,26699,3005,25.1,88,10857
212,22965,1733,35,44,11423
205,23348,1670,34.4,33,10699
97,27394,920,35.5,57,9459
257,72887,471283,15,5423,21457
237,147431,88153,11.4,6252,34775
361,93112,233377,9,3795,25802
193,29498,4851,6.8,122,13447
326,22451,3872,18.9,74,12106
282,32427,12307,5,341,15996
231,24746,17327,4.1,388,13237
270,23332,8942,6.8,173,12756
200,23204,9926,3.7,1056,12229
237,30097,5067,8.4,186,16118
224,31964,5030,8,157,14773
207,27075,5538,8.5,80,12553
460,356040,2070,20.7,56,12600
265,34072,11428,7.2,410,13561
155,25119,4438,10.2,91,12625
219,22808,2865,20.8,48,8431
270,27129,1274,27.1,47,10432
257,18875,818,24.5,22,8881
147,35350,2081,18.4,30,10471
193,21447,1089,18.3,47,9818
113,23278,2647,26.1,51,12360
185,33679,3944,12,120,13543
283,28180,885,17.6,16,9092
210,21467,3855,23.9,111,12031
355,80813,1591,32.7,21,11061
303,32431,7853,10.7,237,14863
119,23620,7160,14.9,158,12462
157,22638,9131,5.7,277,8161
261,27595,2124,37.4,65,12346
241,44191,19640,8.9,792,17394
240,26318,3946,19.7,128,13394
256,30201,1267,25.6,36,10157
254,48991,810,22.8,27,11067
306,25475,1028,29.6,24,11004
209,33204,3794,14.4,89,13515
185,27935,3426,24.4,93,12678
183,26876,6416,26.6,93,11837
163,25482,4543,22.5,75,11582
274,33763,2078,19,40,13952
152,24946,5793,24.2,134,12822
331,39733,6732,57,286,18375
289,32793,22363,14.3,656,16131
132,32655,25942,12.9,535,14378
118,30196,53890,13.3,1172,15131
319,80038,21475,10.5,665,20701
216,33532,3695,38,104,12606
217,45397,1451,30,31,14545
308,39835,10874,9.2,1431,15233
184,33410,5228,15,133,15544
136,39201,10216,25.9,174,18088
227,51664,18491,13.8,411,22442
122,34999,4688,11.5,147,15652
150,35076,18510,12.4,321,16553
207,35926,2284,19.7,77,12994
182,42049,5482,22.2,83,18450
191,32318,32115,7.9,2470,15130
212,60197,4761,9.6,115,18016
273,67733,1691,17,52,15533
224,67520,1488,22.7,59,17032
140,24026,13523,12.6,380,15139
324,36738,2125,33.5,58,14254
283,51888,1935,15.1,65,13553
283,60926,7380,17,130,16359
263,46145,1955,23.1,61,14427
193,28111,10671,7.1,270,14920
202,49284,2945,9.6,154,15542
304,69277,2856,16.5,59,12973
217,31005,3117,12.2,88,12203
109,24473,4192,24.4,121,13953
269,37277,1364,30,35,12636
155,32715,4822,19.9,76,14036
253,50327,3335,19.5,79,13130
246,28558,2747,42.3,54,13199
490,93401,1755,17,45,15701
327,72662,5177,19.3,150,19909
166,29926,2587,27.8,101,15102
238,52150,12129,6.3,375,16540
258,75333,6054,8.3,262,17989
284,66917,8290,9.7,334,17622
270,53539,6691,11.4,167,14109
153,36446,8272,17.7,125,12122
171,87969,6376,14.8,156,14674
233,59664,3327,13.7,110,14390
203,77715,4103,17,154,16539
99,11078,9713,10.9,326,8724
181,61726,2537,16.8,111,13077
159,55067,9338,8.8,599,16726
194,75600,7282,13.9,159,14956
180,34463,5183,8.8,212,9645
375,91526,24320,7.4,557,17294
275,46216,23618,5.5,679,15320
926,155034,2328,6.1,52,30610
297,60362,23523,7.2,378,14294
237,78908,16225,24.7,170,19044
193,58207,5762,12.3,165,15320
506,91773,5998,4.4,170,18208
379,29564,2079,29.6,38,11716
187,38190,2806,16.5,64,13772
238,26827,2816,21.7,80,12307
128,19648,3092,20.6,90,9937
183,32531,2845,27.1,86,12885
106,26693,3063,28.3,103,12628
112,16699,5539,26.2,120,10298
301,31552,1547,17.7,42,10838
218,20591,1772,26.8,39,10226
322,22781,1045,28.1,28,8700
635,36695,454,36.6,12,11416
118,26273,4209,19.8,75,11915
96,19214,7147,25.2,159,12727
90,16626,4134,38.5,95,10060
126,22861,6595,17.7,150,11950
180,24229,3560,21.8,81,12763
224,34103,1805,11.7,311,16305
157,21431,2849,27,91,12634
544,47522,1199,16.5,30,7780
129,17080,8059,13.9,294,8840
109,19005,3648,25.9,90,11587
158,19170,2015,25,50,13375
511,40836,585,36.3,6,8846
153,29418,3435,21.7,64,11282
198,46697,2100,27.3,53,11858
115,25483,6663,13.5,162,11451
374,448200,6675,22.7,164,12143
170,44113,5740,16,119,11883
135,19196,4575,18.6,136,10636
248,20185,1333,31,34,8807
281,31006,1034,11.1,23,9838
276,44514,1279,18.4,24,11098
381,50881,607,14.9,15,11128
547,46298,365,33.2,18,10101
214,31485,1714,20.3,38,10327
187,31732,967,28.9,30,9674
152,28135,2102,23.6,49,11283
224,40338,1231,22.1,24,11500
206,48547,2303,49.8,36,11942
174,39340,2425,15.1,53,13063
215,36706,1154,19.2,30,12570
294,40676,1006,21.9,23,10377
270,42106,5025,14.8,150,13009
153,31294,2130,14.9,49,11971
329,113025,1768,52.2,34,17909
289,29369,1126,17.2,30,9060
173,26222,851,33.9,29,9701
126,47900,1166,10.6,39,11130
244,43662,676,27.3,20,8915
388,54568,1273,19.8,30,11756
124,27873,3163,20.3,70,11276
402,46974,630,24.3,19,9980
271,31796,2085,22.7,45,10457
340,78855,28990,9.1,803,20817
454,71307,13333,4.9,328,19677
291,73138,8965,7.2,278,16702
301,127047,6705,14.8,142,21653
564,110623,9114,5.2,220,19736
168,98601,14080,11.4,446,19976
208,45423,1976,16,33,12462
197,40790,11117,9.8,250,17377
295,41265,14309,5.4,594,17361
258,42224,1967,17.5,44,14483
172,49224,3223,17.6,53,12078
199,41669,3843,13.5,88,13224
176,35675,10990,12.9,585,15611
311,40182,1479,13.2,37,12116
180,30109,5060,14.8,83,12677
159,35117,3838,14.5,118,14961
193,35813,7766,5,221,15668
136,33451,6853,14.2,139,14051
254,39562,10474,16.7,171,16733
181,53086,2619,15,45,13766
554,78704,77677,5,2088,23282
331,99585,14120,8.2,747,20342
568,98464,34077,7,1556,23410
620,80335,29571,8,1016,18606
406,88828,12809,7.2,461,18623
264,18323,2074,31.5,23,9962
119,19676,4479,18,44,10815
1842,186869,69,28.3,1,10832
651,95708,899,8.1,7,10962
678,102406,1270,11.4,5,12040
236,22247,1852,22.4,23,8482
239,13561,912,26,21,6025
486,28084,586,30,12,9835
421,45992,1727,10,10,10272
360,30331,1918,16.9,32,9063
134,28464,2388,21.5,34,10565
288,68270,914,23.1,15,9849
363,31455,642,22.4,12,8825
440,50236,936,16.1,5,9653
260,17900,1488,28.8,31,10572
245,19417,3786,16.5,35,10468
179,21577,3059,12.4,63,12375
505,37243,785,24,13,8388
521,22450,1511,17.5,29,9788
1184,83842,2127,8,50,7716
289,48806,1543,15.1,34,10345
199,20850,4111,16.2,75,10605
232,30027,3286,16.2,51,11037
492,48321,1891,19.4,19,10021
1005,144084,269,8.6,3,11118
241,28323,2409,17.6,40,12611
278,26725,743,23,13,12228
92,32340,4701,21.8,49,15675
302,21751,756,34.3,20,8566
284,16775,1732,28.4,18,8135
179,14729,3504,34.6,37,9875
242,30393,1028,26.9,21,11763
164,41117,8151,13.2,275,16219
170,44267,3977,21.9,121,19313
258,54233,31343,14.1,645,20495
232,31860,3307,13.7,59,10586
766,174051,764,8.4,12,10410
405,174383,1024,26.7,17,10170
263,53365,3183,18.2,73,13849
243,36461,6585,16.7,98,13000
456,43637,1683,9.5,42,11196
198,38031,14283,7.1,438,16406
135,38176,11897,18.5,442,16137
112,30479,10032,15.1,295,12577
191,35991,9924,8,243,11860
167,27985,3828,19.8,118,11615
309,38347,1390,15.5,32,11074
117,41052,3195,17.1,80,11912
188,36027,5894,33.7,147,13013
195,41694,6632,13.7,1053,13797
198,38399,11303,31.7,315,13318
174,37452,5279,22.7,75,14535
226,45947,21447,13.9,445,17098
369,56980,19363,9.1,1373,23312
109,47818,2076,18.3,86,15519
341,44312,28184,13,783,14691
1024,75335,340,19.3,10,12195
387,53100,959,24.2,20,11236
200,29503,1723,18.1,50,9902
72,43234,2047,19,74,13107
567,74021,685,46.9,17,12233
68,22506,1817,17.1,95,11410
268,41819,1538,22.6,24,9091
416,95515,1233,15.4,21,12607
341,56999,1206,24.8,28,10951
179,38188,1908,13.9,40,10983
196,39209,1586,12.8,56,11070
90,35043,2371,26.6,84,12483
213,28656,1664,18.1,46,11221
235,41747,1339,20.2,36,10476
261,68695,987,37.4,27,9956
202,35398,1402,31.2,49,12960
141,28270,942,15.7,37,10682
218,24235,606,14.8,30,9227
139,24858,1968,13.3,57,10538
186,27826,4185,15,41,11012
126,41603,656,13.8,42,11546
202,19219,1602,20.4,30,8858
167,33402,1809,13.3,67,11795
254,40880,1648,15.5,44,8866
148,47768,1579,19.3,51,13053
88,44075,3651,31.8,66,12618
177,23243,1354,22.6,51,10355
220,38387,1108,15.5,33,11105
146,45579,1602,15.6,52,11563
106,20240,2546,14.7,67,9769
100,45283,1933,43.4,98,14326
263,30813,867,20.9,29,12906
112,35349,2220,18.8,69,10400
82,31518,2677,12.4,136,11600
94,22535,822,19.9,35,10418
156,23072,1267,12.2,36,9707
100,18046,6080,15.7,66,9590
397,18903,694,16.7,28,8917
283,21117,916,33,20,9372
152,17580,3629,22.5,89,11834
99,30119,1196,22.9,22,10928
187,21811,1896,22.4,50,13510
265,24503,1680,20.7,31,10463
125,35086,4715,14.8,131,15875
186,21500,1882,27.3,39,11228
199,35590,4926,12.2,132,16741
334,28949,921,38.1,29,10676
318,22918,901,18.1,22,8437
300,27917,553,30.9,15,9213
236,20572,1629,21.8,40,12058
169,33705,2580,15.7,61,13067
282,25500,1350,19.8,22,9768
271,19963,1253,28.3,24,8119
196,18548,1868,9.3,50,11444
338,23731,1941,11.7,38,9438
265,62297,1446,12.9,44,12812
438,21442,888,23.6,25,9553
217,20705,1068,25.9,29,9351
371,24661,1006,33,16,7465
204,16366,1374,16.7,36,8423
268,51341,1870,10.1,46,13283
139,26821,2395,30.8,63,11149
261,85772,1022,22.3,49,13225
658,38677,408,48.5,10,8821
260,24708,1098,29.5,24,8963
222,31178,1530,14.7,28,8088
274,57261,154350,14.8,3508,16136
279,59227,382701,13.4,1558,15838
1102,343364,15247,15.3,223,23293
364,103783,176270,8.1,2203,24649
321,54699,292977,19.5,2886,16460
753,84983,23565,7.5,350,14972
1147,369801,2271,12.3,191,24351
348,73441,108021,9.3,2359,21437
699,193416,36229,18.1,299,22987
641,200197,17939,7.8,340,18755
502,98225,3765,14.3,44,12102
296,53764,2559,18,53,11357
453,74959,1316,17,36,12350
294,52151,2603,36.8,75,10476
457,49816,10984,4.6,145,8300
879,185409,578,16.4,11,18260
540,83171,1329,21.5,26,10900
367,99574,2201,15.4,44,12509
309,69147,5719,18.3,74,11223
617,115091,1468,16.8,31,11442
265,56653,8863,9.4,94,13763
546,111266,2973,12.8,36,15973
351,50029,4074,11,43,11290
280,99746,7088,10.9,88,13948
441,87937,1240,11.2,26,13181
138,26984,4156,43.4,73,10761
186,27734,1297,22.8,43,12100
199,20039,4529,14.9,48,11086
143,24336,3213,16,65,11888
244,32485,1952,14.1,59,12601
127,36404,16983,12.2,167,15913
219,21701,1202,17.8,31,8887
244,22989,2125,34.1,44,11266
168,22190,4840,36.9,82,11819
222,28809,3102,18.3,56,12832
226,35638,2940,19.8,55,15062
166,36020,11098,11.3,122,14298
155,23876,3190,15.4,86,11591
144,28417,3122,14.3,65,11352
131,38709,14638,5.7,536,12948
180,68259,6162,15.7,110,15227
162,22495,4960,16.4,84,11965
109,47600,3365,24.7,106,14580
997,169668,534,3.5,5,13988
190,49225,9111,9.7,245,15048
224,64521,4423,11.5,100,17911
2410,572526,189,13.4,2,16341
257,57721,6691,11.7,224,19602
464,54422,852,5.8,109,15304
249,49963,9502,6,300,15191
223,79909,5351,15.2,98,16162
278,53789,7505,7.6,301,15496
377,65263,6061,5.6,188,16301
418,87680,4118,8.1,70,14673
147,34854,9187,15.4,258,12837
307,58593,5746,10.3,65,13046
219,35674,6277,23.4,315,13534
248,58625,14644,15.6,234,14719
556,89476,3033,22.8,25,10889
180,40451,10460,16,185,11230
466,73168,12331,6.5,460,16564
375,66311,8016,16.7,66,10387
432,99670,6183,8,92,21887
663,276216,1867,9.4,29,16457
349,58122,3576,22,42,9732
800,331824,686,22.6,11,12537
599,190118,1306,11.3,20,11126
485,65275,2388,8.9,12,11395
551,138714,2264,6.5,76,15473
321,50381,2845,8.9,54,12252
240,58643,23360,5.9,371,16119
680,98481,698,11.4,8,9773
633,49624,1084,11,12,9846
294,35901,4247,26.3,67,11081
195,36910,2778,18.3,49,11079
242,38507,1956,15.9,54,12540
607,163243,561,10.5,10,10862
255,46758,2240,15.1,36,12412
85,33178,6356,13.6,59,6423
184,36331,2739,7.6,109,10134
110,30878,3373,17.8,62,11375
175,46516,2651,18.6,62,12762
185,39573,795,15.3,35,9548
168,29848,2038,16.8,47,11447
245,39288,1590,16.8,28,9649
233,55704,1652,18.4,44,11314
103,41407,4192,15.1,110,13631
729,203293,471,53.2,14,12512
181,39374,1696,11.3,34,11803
172,46726,1314,16.2,28,11258
129,50254,1368,15.2,26,11564
125,29563,5071,25.1,108,13408
179,19025,2238,30.1,60,8683
172,33266,2007,26.9,35,10769
260,62711,2066,26.6,52,12241
224,29902,2059,17.4,62,12027
165,36342,6148,12.8,164,15158
184,27971,4990,13.8,171,13610
199,53022,8776,12.4,273,15225
117,31804,4164,19.4,129,13127
248,20087,2372,14.1,70,11708
218,21912,1741,22.8,48,10555
124,33507,5667,26.1,87,12229
337,30587,7278,11.9,215,14490
196,35204,6584,9.9,190,15195
137,28413,2232,26.3,61,11209
619,152494,17260,11.5,464,36031
445,63815,28688,4.9,856,24173
631,80808,18183,13.1,5510,29522
488,115537,40637,7.7,2258,31629
383,137299,11801,10,425,33993
405,126647,26104,7.6,1106,22705
638,147322,16893,6,731,45134
861,183946,10180,7.3,422,42612
798,155052,4756,5,222,27530
451,89243,4693,12.3,1805,24924
680,215277,4658,12.1,204,48021
57,170195,5371,29.8,4883,34082
356,123811,16833,11.3,561,25637
476,87520,33763,8.4,920,21901
118,24305,1896,28,43,10780
53,7744,5097,26.3,150,2884
189,28848,3077,25.6,56,12819
142,39761,2011,17.1,56,12104
255,28377,1304,29.9,50,10487
271,20744,1143,25.2,31,8840
165,27407,1116,29.5,33,10192
396,28300,475,20.9,31,8868
182,24899,2182,32.9,46,10334
315,32294,1054,28.1,30,11124
357,27559,1117,25.6,31,11321
162,38606,1113,27.3,33,13047
248,26006,712,25.8,24,10142
206,27073,2456,18.5,52,11341
114,29185,1523,20.9,49,13006
434,33139,818,39,23,9983
348,70896,1216,14.8,34,11464
153,29379,2460,15.6,59,11580
276,33809,1153,29.3,29,9650
166,57315,3759,15.7,64,11629
416,56460,1273,18.1,41,12475
87,62783,1832,20,50,11689
204,22310,1653,18.6,44,10216
124,40940,1640,20.5,52,9912
294,107898,919,20.6,41,10329
